{
  "Profiles": [
    {
      "ASCII Anti Aliased": true,
      "Ambiguous Double Width": false,
      "Ansi 0 Color": { "Blue Component": 0.0, "Green Component": 0.0, "Red Component": 0.0 },
      "Ansi 1 Color": { "Blue Component": 0.0, "Green Component": 0.0, "Red Component": 0.7333333492279053 },
      "Ansi 2 Color": { "Blue Component": 0.0, "Green Component": 0.7333333492279053, "Red Component": 0.0 },
      "Ansi 3 Color": { "Blue Component": 0.0, "Green Component": 0.7333333492279053, "Red Component": 0.7333333492279053 },
      "Ansi 4 Color": { "Blue Component": 0.7333333492279053, "Green Component": 0.0, "Red Component": 0.0 },
      "Ansi 5 Color": { "Blue Component": 0.7333333492279053, "Green Component": 0.0, "Red Component": 0.7333333492279053 },
      "Ansi 6 Color": { "Blue Component": 0.7333333492279053, "Green Component": 0.7333333492279053, "Red Component": 0.0 },
      "Ansi 7 Color": { "Blue Component": 0.7333333492279053, "Green Component": 0.7333333492279053, "Red Component": 0.7333333492279053 },
      "Ansi 8 Color": { "Blue Component": 0.3333333432674408, "Green Component": 0.3333333432674408, "Red Component": 0.3333333432674408 },
      "Ansi 9 Color": { "Blue Component": 0.3333333432674408, "Green Component": 0.3333333432674408, "Red Component": 1.0 },
      "Ansi 10 Color": { "Blue Component": 0.3333333432674408, "Green Component": 1.0, "Red Component": 0.3333333432674408 },
      "Ansi 11 Color": { "Blue Component": 0.3333333432674408, "Green Component": 1.0, "Red Component": 1.0 },
      "Ansi 12 Color": { "Blue Component": 1.0, "Green Component": 0.3333333432674408, "Red Component": 0.3333333432674408 },
      "Ansi 13 Color": { "Blue Component": 1.0, "Green Component": 0.3333333432674408, "Red Component": 1.0 },
      "Ansi 14 Color": { "Blue Component": 1.0, "Green Component": 1.0, "Red Component": 0.3333333432674408 },
      "Ansi 15 Color": { "Blue Component": 1.0, "Green Component": 1.0, "Red Component": 1.0 },
      "Background Color": { "Blue Component": 0.0, "Green Component": 0.0, "Red Component": 0.0 },
      "Bold Color": { "Blue Component": 1.0, "Green Component": 1.0, "Red Component": 1.0 },
      "Cursor Color": { "Blue Component": 0.7333333432674408, "Green Component": 0.7333333432674408, "Red Component": 0.7333333432674408 },
      "Cursor Text Color": { "Blue Component": 1.0, "Green Component": 1.0, "Red Component": 1.0 },
      "Foreground Color": { "Blue Component": 0.7333333432674408, "Green Component": 0.7333333432674408, "Red Component": 0.7333333432674408 },
      "Selected Text Color": { "Blue Component": 0.0, "Green Component": 0.0, "Red Component": 0.0 },
      "Selection Color": { "Blue Component": 1.0, "Green Component": 0.8353000283241272, "Red Component": 0.7098000049591064 },
      "BM Growl": true,
      "Background Image Location": "",
      "Blinking Cursor": false,
      "Blur": false,
      "Character Encoding": 4,
      "Close Sessions On End": true,
      "Columns": 80,
      "Command": "",
      "Custom Command": "No",
      "Custom Directory": "No",
      "Default Bookmark": "No",
      "Description": "Default",
      "Disable Window Resizing": true,
      "Flashing Bell": false,
      "Guid": "B75DB9B4-B879-45A9-9B6A-31B1BCA5F00A",
      "Horizontal Spacing": 1.0,
      "Idle Code": 0,
      "Jobs to Ignore": ["rlogin", "ssh", "slogin", "telnet"],
      "Keyboard Map": {},
      "Mouse Reporting": true,
      "Name": "Default",
      "Non Ascii Font": "Monaco 12",
      "Non-ASCII Anti Aliased": true,
      "Normal Font": "Monaco 12",
      "Option Key Sends": 0,
      "Prompt Before Closing 2": false,
      "Right Option Key Sends": 0,
      "Rows": 25,
      "Screen": -1,
      "Scrollback Lines": 100000,
      "Send Code When Idle": false,
      "Shortcut": "",
      "Silence Bell": false,
      "Sync Title": false,
      "Tags": [],
      "Terminal Type": "xterm-256color",
      "Transparency": 0.0,
      "Unlimited Scrollback": false,
      "Use Bold Font": true,
      "Use Bright Bold": true,
      "Use Italic Font": true,
      "Use Non-ASCII Font": false,
      "Vertical Spacing": 1.0,
      "Visual Bell": true,
      "Window Type": 0
    }
  ]
}
